A,C,D,E,F,G,H,I,K,L,M,N,Q,R,S,T,V,W,Y
A,  6.14 , 7.46 , 7.32 , 7.06 , 7.58 , 5.49 , 7.91 , 8.01 , 7.31 , 7.42 , 7.39 , 7.69 , 7.26 , 7.29 , 7.13 , 8 , 7.75 , 7.27 , 7.67
C,  7.03 , 7.48 , 7.25 , 7.25 , 7.73 , 6.9 , 7.92 , 7.9 , 7.13 , 7.23 , 7.41 , 7.68 , 7.21 , 7.21 , 7.1 , 7.95 , 7.81 , 7.38 , 7.77
D,  6.76 , 7.2 , 7.51 , 7.05 , 7.79 , 6.84 , 7.67 , 7.87 , 7.44 , 7.34 , 7.53 , 7.85 , 7.5 , 7.46 , 7.24 , 8.12 , 7.78 , 7.39 , 7.77
E,  6.63 , 7.5 , 7.32 , 6.87 , 7.93 , 6.33 , 8.28 , 7.74 , 6.73 , 7.21 , 7.33 , 7.67 , 7.21 , 7.25 , 7.12 , 8.01 , 7.75 , 7.49 , 7.86
F,  7.27 , 8.05 , 7.54 , 7.37 ,, 6.69 , 8.16 , 8.34 , 7.62 ,,   7.75 , 8.01 , 7.58 , 7.72 , 7.39 , 8.15 ,,,     8.15
G,  6.35 , 7.55 , 7.39 , 7.01 , 7.54 , 5.69 , 7.91 , 7.7 , 7.11 , 7.3 , 7.43 , 7.79 , 7.3 , 7.29 , 7.32 , 8 , 7.67 , 7.17 , 7.45
H,  7.48 , 7.37 , 7.34 , 7.42 , 7.76 , 7.44 ,,     7.82 , 7.22 , 7.43 , 7.38 , 7.55 , 7.26 , 7.69 , 7.52 , 7.88 , 7.81 , 7.55 , 7.79
I,  7.21 , 7.6 , 7.48 , 7.09 , 7.99 , 6.72 , 8.23     ,, 7.24 , 7.51 , 7.54 , 7.76 , 7.24 , 7.41 , 7.18 , 8.23 , 8.22 , 7.64 , 8.17
K,  6.56 , 7.4 , 7.28 , 6.73 , 7.81 , 6.37 ,,   7.79,    7.11 , 7.22 , 7.35 , 7.64 , 7.13 , 7.22 , 7.07 , 7.96 , 7.78 , 7.51 , 7.87
L,  6.58 , 7.56 , 7.33 , 6.87 , 7.93 , 6.34 , 8.1 , 8.06 , 7.3 , 7.76 , 7.5 , 7.7 , 7.3 , 7.4 , 7.24 , 8.1 , 8.12 , 8.06 , 8.02
M,  6.81 , 7.48 , 7.2 , 7.01 , 7.81 , 6.63 , 7.51 , 7.96 , 7.17 , 7.33 , 7.45 , 7.65     ,, 7.29 , 7.12 , 7.99 , 8.01 , 7.53 , 7.96
N,  7.26 , 7.63 , 7.44 , 7.27 , 7.53 , 7.27 , 8.21 , 7.83 , 7.29 , 7.32 , 7.51 , 7.8 , 7.12 , 7.38 , 7.35 , 7.69 , 7.84 , 7.54 , 7.86
Q,  6.82 , 7.46 , 7.19 , 6.81 , 7.9 , 6.63 , 7.77 , 7.79 , 7.1 , 7.17 , 7.33 , 7.57 , 7.13 , 7.18 , 7.07 , 7.93 , 7.79 , 7.54 , 7.91
R,  6.62 , 7.45 , 7.23 , 6.67 , 7.92 , 6.49 , 7.79 , 7.81 , 7.14 , 7.25 , 7.33 , 6.58 , 7.16 , 7.22 , 7.09 , 7.96 , 7.78 , 7.63 , 7.79
S,  6.74 , 7.66 , 7.73 , 7.11 , 7.98 , 6.74 , 8.05 , 7.96 , 7.4 , 7.32 , 7.48 , 7.77 , 7.37 , 7.42 , 7.27 , 8.1 , 7.82 , 7.3 , 7.64
T,  7.59 , 7.51 , 7.49 , 7.51 , 7.82 , 7.27     ,, 7.95 , 7.22 , 7.33 , 7.4 , 7.66 , 7.34 , 7.32 , 7.62 , 8.05 , 7.76 , 7.46 , 7.72
V,  7.25 , 7.56 , 7.26 , 7.13 , 7.72 , 6.78 , 8.09 , 7.91 , 7.15 , 7.25 , 7.38 , 7.64 , 7.18 , 7.26 , 7.15 , 7.99 , 7.9 , 7.55 , 7.87
W,  6.78 , 7.85 , 7.82 , 7.32 , 8.16 , 6.29 , 8.1 , 8.45 , 7.75 , 7.85 , 7.73 , 8.17 , 7.59 , 7.74 , 7.48 , 8.3 , 8.38 , 7.46 , 7.98
Y,  6.69 , 7.92 , 7.6 , 7.16 , 8.11 , 6.56 , 8.16 , 8.29 , 7.63 , 7.71 , 7.72 , 7.99 , 7.59 , 7.74 , 7.45 , 8.22 , 8.4 , 7.63 , 8.06
